,html_urls
88,https://www.census.gov/about/what/admin-data.html
94,https://www.census.gov/library/visualizations.html
97,https://www.census.gov/library/visualizations.html
103,https://www.census.gov/programs-surveys/are-you-in-a-survey.html
118,https://www.census.gov/programs-surveys/are-you-in-a-survey.html
127,https://www.census.gov/about/what/admin-data.html
134,https://www.census.gov/programs-surveys.html
190,https://www.census.gov/programs-surveys/popest/data/tables.html
192,https://www.census.gov/programs-surveys/popest/about/schedule.html
196,https://www.census.gov/programs-surveys/popest/news.html
200,https://www.census.gov/programs-surveys/popest/data/tables.html
204,https://www.census.gov/programs-surveys/popest/library/publications.html
208,https://www.census.gov/programs-surveys/popest/library/visualizations.html
209,https://www.census.gov/newsroom.html
